{"cameraMode":{"drawMode":0,"name":"Shaded","section":"Shading Mode"},"sceneLighting":false,"audioPlay":false,"sceneViewState":{"m_AlwaysRefresh":false,"showFog":true,"showSkybox":false,"showFlares":true,"showImageEffects":true,"showParticleSystems":true,"showVisualEffectGraphs":true,"m_FxEnabled":true},"in2DMode":false,"pivot":{"x":-0.030963659286499025,"y":1.0087108612060547,"z":12.123687744140625},"rotation":{"x":0.17193222045898438,"y":0.40554845333099368,"z":-0.07778894156217575,"w":0.8943600058555603},"size":4.190507411956787,"orthographic":false}