{"cameraMode":{"drawMode":0,"name":"Shaded","section":"Shading Mode"},"sceneLighting":true,"audioPlay":false,"sceneViewState":{"m_AlwaysRefresh":false,"showFog":true,"showSkybox":true,"showFlares":true,"showImageEffects":true,"showParticleSystems":true,"showVisualEffectGraphs":true,"m_FxEnabled":true},"in2DMode":false,"pivot":{"x":0.31327056884765627,"y":5.194741249084473,"z":-6.349306106567383},"rotation":{"x":-0.029466982930898668,"y":-0.6852375864982605,"z":0.027768269181251527,"w":-0.7271897792816162},"size":12.12435531616211,"orthographic":false}