{"cameraMode":{"drawMode":0,"name":"Shaded","section":"Shading Mode"},"sceneLighting":false,"audioPlay":false,"sceneViewState":{"m_AlwaysRefresh":false,"showFog":true,"showSkybox":true,"showFlares":true,"showImageEffects":true,"showParticleSystems":true,"showVisualEffectGraphs":true,"m_FxEnabled":true},"in2DMode":false,"pivot":{"x":1.2866322994232178,"y":14.209819793701172,"z":-80.47042846679688},"rotation":{"x":0.007679145783185959,"y":-0.9907110929489136,"z":0.11886546015739441,"w":0.06370760500431061},"size":5.382668972015381,"orthographic":false}