{"cameraMode":{"drawMode":0,"name":"Shaded","section":"Shading Mode"},"sceneLighting":true,"audioPlay":false,"sceneViewState":{"m_AlwaysRefresh":false,"showFog":true,"showSkybox":false,"showFlares":true,"showImageEffects":true,"showParticleSystems":true,"showVisualEffectGraphs":true,"m_FxEnabled":true},"in2DMode":false,"pivot":{"x":0.601291835308075,"y":-0.04456298053264618,"z":-1.4813084602355958},"rotation":{"x":-0.21023905277252198,"y":-0.6476304531097412,"z":0.1926935762166977,"w":-0.7065690755844116},"size":0.25980761647224429,"orthographic":false}